num_susceptible,num_infected,num_recovered
5000,10,0
5000,10,0
4999,11,0
4998,12,0
4998,12,0
4998,12,0
4998,12,0
4998,12,0
4998,12,0
4998,12,0
4998,12,0
4996,14,0
4996,14,0
4995,15,0
4995,15,0
4995,15,0
4995,15,0
4994,16,0
4993,17,0
4993,17,0
4993,17,0
4993,17,0
4993,17,0
4992,18,0
4992,18,0
4992,18,0
4992,18,0
4991,19,0
4991,19,0
4990,20,0
4990,20,0
4990,20,0
4989,21,0
4989,21,0
4988,22,0
4988,22,0
4988,22,0
4988,22,0
4988,22,0
4988,22,0
4987,23,0
4986,24,0
4984,26,0
4983,27,0
4983,26,1
4982,27,1
4982,27,1
4982,27,1
4982,27,1
4982,27,1
4981,28,1
4981,28,1
4981,28,1
4979,30,1
4979,30,1
4977,32,1
4977,32,1
4976,33,1
4976,33,1
4975,34,1
4975,34,1
4975,34,1
4974,35,1
4972,37,1
4970,39,1
4970,39,1
4970,39,1
4970,39,1
4970,39,1
4970,39,1
4970,39,1
4969,40,1
4968,41,1
4967,42,1
4967,42,1
4967,42,1
4967,42,1
4967,42,1
4967,42,1
4965,44,1
4964,45,1
4960,49,1
4960,49,1
4958,51,1
4958,51,1
4955,54,1
4955,54,1
4955,54,1
4954,55,1
4953,55,2
4952,56,2
4950,58,2
4950,58,2
4950,58,2
4950,58,2
4949,59,2
4949,59,2
4948,59,3
4948,59,3
4948,59,3
4948,59,3
4948,59,3
4948,59,3
4948,59,3
4948,59,3
4946,61,3
4946,61,3
4944,63,3
4943,64,3
4941,65,4
4940,66,4
4940,66,4
4940,65,5
4937,68,5
4937,67,6
4935,68,7
4934,68,8
4931,71,8
4930,72,8
4926,76,8
4926,75,9
4924,77,9
4923,78,9
4921,80,9
4921,79,10
4918,82,10
4917,83,10
4917,83,10
4916,84,10
4915,85,10
4913,87,10
4913,85,12
4910,88,12
4909,89,12
4908,90,12
4907,90,13
4907,90,13
4904,92,14
4903,93,14
4902,94,14
4901,95,14
4897,99,14
4895,101,14
4894,102,14
4894,101,15
4893,102,15
4892,103,15
4891,104,15
4891,104,15
4889,106,15
4886,109,15
4884,111,15
4881,114,15
4877,118,15
4876,118,16
4874,119,17
4872,120,18
4871,121,18
4870,122,18
4867,124,19
4866,125,19
4864,127,19
4863,128,19
4859,131,20
4858,132,20
4857,132,21
4856,133,21
4855,134,21
4854,134,22
4854,134,22
4854,134,22
4854,134,22
4853,135,22
4852,136,22
4851,137,22
4850,138,22
4848,140,22
4846,141,23
4844,142,24
4841,144,25
4841,144,25
4841,144,25
4840,145,25
4839,146,25
4838,147,25
4837,148,25
4836,148,26
4836,147,27
4833,150,27
4832,151,27
4831,152,27
4830,152,28
4828,153,29
4827,153,30
4827,152,31
4827,152,31
4827,152,31
4826,152,32
4824,154,32
4824,154,32
4823,155,32
4820,158,32
4819,159,32
4819,159,32
4819,158,33
4818,159,33
4818,157,35
4816,158,36
4814,160,36
4812,161,37
4808,165,37
4807,165,38
4805,167,38
4802,170,38
4800,172,38
4799,172,39
4796,174,40
4794,176,40
4793,177,40
4789,180,41
4786,183,41
4786,183,41
4783,186,41
4780,188,42
4778,190,42
4778,190,42
4774,194,42
4770,198,42
4767,201,42
4766,202,42
4764,204,42
4762,206,42
4760,208,42
4757,211,42
4752,216,42
4750,217,43
4746,221,43
4745,222,43
4743,224,43
4741,226,43
4740,227,43
4738,229,43
4733,234,43
4732,234,44
4732,234,44
4730,236,44
4727,238,45
4725,240,45
4723,241,46
4722,241,47
4721,242,47
4720,243,47
4718,244,48
4716,245,49
4715,246,49
4714,246,50
4707,252,51
4703,256,51
4700,259,51
4698,261,51
4696,263,51
4694,265,51
4691,267,52
4689,267,54
4686,268,56
4685,269,56
4682,272,56
4681,273,56
4681,271,58
4678,271,61
4677,272,61
4675,274,61
4674,274,62
4672,276,62
4669,278,63
4669,278,63
4666,281,63
4665,282,63
4660,286,64
4658,288,64
4656,290,64
4654,292,64
4652,294,64
4648,298,64
4644,301,65
4644,300,66
4642,302,66
4638,306,66
4636,307,67
4632,310,68
4632,310,68
4630,312,68
4625,316,69
4623,316,71
4622,317,71
4617,322,71
4612,327,71
4610,328,72
4609,329,72
4604,331,75
4603,332,75
4601,332,77
4596,336,78
4594,337,79
4592,339,79
4587,344,79
4585,346,79
4584,347,79
4580,351,79
4575,355,80
4571,359,80
4568,362,80
4565,362,83
4564,362,84
4561,364,85
4558,365,87
4554,368,88
4549,371,90
4545,374,91
4542,377,91
4538,381,91
4537,381,92
4537,380,93
4534,382,94
4529,385,96
4527,386,97
4524,389,97
4520,392,98
4518,393,99
4517,394,99
4515,396,99
4512,399,99
4510,401,99
4505,404,101
4503,405,102
4503,405,102
4498,410,102
4494,412,104
4493,413,104
4489,417,104
4486,419,105
4485,417,108
4479,422,109
4479,422,109
4475,424,111
4474,423,113
4469,427,114
4466,430,114
4463,433,114
4458,436,116
4453,441,116
4453,438,119
4450,441,119
4448,442,120
4444,445,121
4442,447,121
4438,451,121
4433,454,123
4430,456,124
4427,457,126
4423,461,126
4421,463,126
4417,467,126
4415,468,127
4410,471,129
4408,473,129
4403,477,130
4403,475,132
4402,476,132
4400,477,133
4400,477,133
4396,479,135
4394,480,136
4392,482,136
4387,487,136
4385,487,138
4383,489,138
4380,492,138
4374,498,138
4370,501,139
4366,503,141
4364,505,141
4363,505,142
4359,508,143
4353,511,146
4352,512,146
4347,516,147
4344,518,148
4341,520,149
4335,524,151
4328,531,151
4324,535,151
4323,534,153
4320,536,154
4315,540,155
4313,540,157
4309,544,157
4304,547,159
4303,546,161
4300,548,162
4295,552,163
4291,556,163
4288,559,163
4287,560,163
4284,562,164
4279,566,165
4273,571,166
4268,574,168
4264,575,171
4261,577,172
4259,577,174
4256,580,174
4254,581,175
4251,582,177
4248,584,178
4245,587,178
4240,590,180
4238,591,181
4234,595,181
4228,601,181
4226,603,181
4221,607,182
4217,611,182
4208,620,182
4203,624,183
4201,624,185
4197,625,188
4194,626,190
4189,629,192
4186,632,192
4182,636,192
4179,637,194
4177,638,195
4174,640,196
4166,646,198
4160,652,198
4156,655,199
4149,659,202
4148,658,204
4142,664,204
4138,668,204
4135,669,206
4131,673,206
4128,675,207
4121,680,209
4118,681,211
4113,682,215
4110,682,218
4107,685,218
4105,686,219
4102,687,221
4101,686,223
4095,691,224
4093,691,226
4091,692,227
4084,699,227
4080,703,227
4077,703,230
4075,704,231
4070,709,231
4069,710,231
4065,714,231
4058,720,232
4054,722,234
4049,727,234
4047,727,236
4041,731,238
4037,732,241
4033,735,242
4029,739,242
4028,738,244
4022,744,244
4014,750,246
4011,751,248
4009,753,248
4008,751,251
4004,755,251
3999,757,254
3994,760,256
3988,762,260
3986,761,263
3985,758,267
3980,763,267
3975,768,267
3971,770,269
3966,772,272
3963,774,273
3958,778,274
3952,784,274
3946,789,275
3944,788,278
3940,790,280
3934,795,281
3932,795,283
3929,794,287
3927,796,287
3922,801,287
3918,802,290
3914,806,290
3912,807,291
3910,805,295
3905,810,295
3903,811,296
3902,810,298
3900,811,299
3899,808,303
3895,808,307
3892,810,308
3891,807,312
3890,807,313
3886,807,317
3880,809,321
3879,807,324
3878,806,326
3877,805,328
3869,812,329
3865,813,332
3862,814,334
3857,818,335
3855,820,335
3850,821,339
3846,822,342
3843,823,344
3840,826,344
3834,832,344
3830,834,346
3825,838,347
3823,837,350
3821,836,353
3815,840,355
3812,841,357
3809,842,359
3805,845,360
3799,848,363
3796,849,365
3795,849,366
3790,853,367
3787,854,369
3786,853,371
3781,856,373
3778,859,373
3777,859,374
3774,860,376
3770,860,380
3768,862,380
3765,864,381
3758,870,382
3752,875,383
3750,874,386
3744,879,387
3738,883,389
3735,885,390
3733,887,390
3731,888,391
3727,891,392
3725,892,393
3722,891,397
3719,892,399
3715,893,402
3712,895,403
3708,898,404
3706,897,407
3705,896,409
3702,898,410
3696,904,410
3692,905,413
3686,905,419
3685,906,419
3682,909,419
3677,912,421
3674,915,421
3671,917,422
3668,920,422
3661,923,426
3658,925,427
3652,930,428
3647,931,432
3643,932,435
3642,932,436
3639,935,436
3632,941,437
3627,944,439
3623,947,440
3617,950,443
3613,952,445
3610,953,447
3607,954,449
3603,956,451
3600,959,451
3595,964,451
3592,961,457
3590,963,457
3589,961,460
3586,963,461
3582,962,466
3580,964,466
3578,963,469
3574,965,471
3574,965,471
3571,966,473
3564,971,475
3560,975,475
3557,976,477
3556,976,478
3553,973,484
3548,974,488
3546,975,489
3544,975,491
3543,975,492
3540,975,495
3535,978,497
3531,976,503
3526,980,504
3522,983,505
3518,987,505
3516,988,506
3511,992,507
3506,996,508
3502,997,511
3495,1003,512
3490,1004,516
3484,1009,517
3482,1009,519
3471,1019,520
3466,1021,523
3462,1024,524
3456,1028,526
3453,1031,526
3451,1033,526
3445,1037,528
3440,1040,530
3437,1039,534
3435,1039,536
3432,1040,538
3431,1036,543
3427,1036,547
3424,1039,547
3419,1041,550
3417,1043,550
3413,1043,554
3405,1048,557
3401,1050,559
3397,1052,561
3396,1048,566
3391,1051,568
3381,1059,570
3377,1061,572
3374,1062,574
3370,1063,577
3366,1064,580
3362,1067,581
3358,1068,584
3354,1072,584
3350,1075,585
3349,1074,587
3345,1076,589
3343,1076,591
3337,1082,591
3332,1080,598
3329,1082,599
3326,1083,601
3322,1085,603
3315,1086,609
3306,1095,609
3299,1098,613
3298,1097,615
3294,1100,616
3291,1100,619
3290,1099,621
3288,1099,623
3284,1102,624
3279,1107,624
3274,1111,625
3272,1110,628
3270,1109,631
3268,1108,634
3261,1112,637
3259,1112,639
3255,1114,641
3252,1116,642
3248,1117,645
3244,1118,648
3239,1121,650
3234,1123,653
3231,1123,656
3227,1126,657
3222,1128,660
3219,1129,662
3216,1130,664
3214,1129,667
3209,1133,668
3205,1136,669
3201,1136,673
3196,1136,678
3192,1136,682
3188,1137,685
3185,1137,688
3180,1140,690
3177,1139,694
3176,1135,699
3174,1134,702
3169,1139,702
3165,1139,706
3161,1143,706
3156,1144,710
3154,1144,712
3150,1145,715
3144,1148,718
3136,1154,720
3132,1156,722
3131,1155,724
3126,1159,725
3123,1159,728
3121,1160,729
3113,1166,731
3109,1168,733
3105,1169,736
3103,1168,739
3097,1173,740
3091,1176,743
3084,1180,746
3080,1182,748
3074,1184,752
3069,1186,755
3063,1191,756
3058,1192,760
3052,1195,763
3047,1199,764
3040,1203,767
3036,1203,771
3033,1202,775
3028,1206,776
3022,1207,781
3019,1208,783
3015,1211,784
3013,1212,785
3011,1212,787
3009,1211,790
3003,1213,794
3000,1214,796
2998,1215,797
2996,1214,800
2994,1212,804
2989,1216,805
2986,1217,807
2980,1221,809
2977,1224,809
2975,1226,809
2970,1230,810
2968,1230,812
2965,1232,813
2962,1232,816
2960,1230,820
2956,1232,822
2954,1232,824
2950,1235,825
2943,1240,827
2938,1241,831
2936,1241,833
2933,1238,839
2926,1241,843
2922,1242,846
2920,1242,848
2915,1244,851
2910,1247,853
2906,1248,856
2900,1252,858
2893,1256,861
2885,1258,867
2877,1263,870
2870,1267,873
2865,1271,874
2863,1272,875
2860,1274,876
2858,1274,878
2855,1276,879
2854,1270,886
2852,1268,890
2850,1264,896
2847,1267,896
2845,1267,898
2841,1267,902
2838,1266,906
2833,1268,909
2826,1273,911
2822,1277,911
2819,1277,914
2815,1278,917
2813,1280,917
2809,1281,920
2804,1281,925
2797,1282,931
2793,1284,933
2789,1287,934
2784,1287,939
2782,1289,939
2779,1291,940
2772,1294,944
2772,1291,947
2768,1293,949
2762,1298,950
2759,1299,952
2757,1299,954
2755,1298,957
2750,1301,959
2748,1299,963
2744,1302,964
2742,1298,970
2740,1299,971
2734,1304,972
2733,1303,974
2732,1300,978
2730,1302,978
2724,1305,981
2721,1305,984
2718,1303,989
2710,1309,991
2704,1313,993
2701,1315,994
2696,1313,1001
2694,1313,1003
2691,1314,1005
2687,1312,1011
2682,1313,1015
2677,1316,1017
2674,1316,1020
2670,1318,1022
2670,1312,1028
2669,1312,1029
2667,1310,1033
2661,1313,1036
2656,1316,1038
2652,1318,1040
2647,1322,1041
2642,1325,1043
2637,1330,1043
2633,1332,1045
2629,1333,1048
2626,1333,1051
2623,1334,1053
2620,1333,1057
2616,1337,1057
2611,1340,1059
2610,1339,1061
2605,1339,1066
2602,1340,1068
2598,1343,1069
2593,1342,1075
2589,1343,1078
2580,1349,1081
2577,1351,1082
2573,1349,1088
2565,1354,1091
2562,1356,1092
2562,1353,1095
2557,1355,1098
2552,1360,1098
2547,1361,1102
2543,1365,1102
2534,1372,1104
2531,1373,1106
2526,1376,1108
2524,1374,1112
2515,1380,1115
2512,1382,1116
2510,1382,1118
2508,1382,1120
2505,1384,1121
2502,1382,1126
2501,1379,1130
2496,1379,1135
2491,1383,1136
2484,1385,1141
2482,1383,1145
2475,1387,1148
2472,1387,1151
2467,1391,1152
2465,1391,1154
2463,1388,1159
2459,1389,1162
2456,1390,1164
2454,1388,1168
2450,1389,1171
2447,1388,1175
2444,1384,1182
2440,1385,1185
2435,1390,1185
2432,1393,1185
2431,1392,1187
2426,1394,1190
2420,1398,1192
2418,1396,1196
2414,1398,1198
2411,1400,1199
2407,1400,1203
2402,1404,1204
2397,1407,1206
2390,1412,1208
2387,1412,1211
2381,1416,1213
2377,1416,1217
2370,1420,1220
2366,1423,1221
2360,1425,1225
2357,1426,1227
2350,1431,1229
2345,1433,1232
2340,1436,1234
2338,1438,1234
2336,1435,1239
2333,1435,1242
2328,1435,1247
2321,1439,1250
2318,1441,1251
2312,1445,1253
2308,1447,1255
2306,1448,1256
2299,1453,1258
2297,1453,1260
2294,1454,1262
2288,1459,1263
2286,1457,1267
2284,1457,1269
2279,1460,1271
2272,1463,1275
2266,1466,1278
2260,1469,1281
2257,1467,1286
2254,1469,1287
2251,1471,1288
2249,1470,1291
2248,1469,1293
2244,1467,1299
2242,1466,1302
2236,1472,1302
2233,1472,1305
2228,1476,1306
2224,1477,1309
2219,1480,1311
2217,1480,1313
2215,1476,1319
2211,1477,1322
2206,1477,1327
2202,1477,1331
2198,1477,1335
2194,1479,1337
2190,1482,1338
2189,1482,1339
2186,1483,1341
2180,1486,1344
2175,1490,1345
2171,1492,1347
2165,1492,1353
2158,1498,1354
2155,1496,1359
2150,1499,1361
2146,1498,1366
2140,1500,1370
2137,1501,1372
2131,1507,1372
2125,1509,1376
2123,1510,1377
2120,1509,1381
2116,1511,1383
2112,1512,1386
2104,1514,1392
2103,1512,1395
2098,1513,1399
2094,1513,1403
2093,1512,1405
2088,1514,1408
2083,1518,1409
2079,1517,1414
2075,1518,1417
2073,1515,1422
2070,1516,1424
2064,1520,1426
2058,1524,1428
2056,1523,1431
2054,1524,1432
2046,1532,1432
2045,1531,1434
2040,1534,1436
2034,1537,1439
2033,1534,1443
2031,1534,1445
2030,1531,1449
2026,1533,1451
2020,1536,1454
2016,1537,1457
2013,1538,1459
2011,1536,1463
2004,1537,1469
2000,1538,1472
1997,1538,1475
1993,1541,1476
1988,1543,1479
1983,1543,1484
1979,1545,1486
1973,1546,1491
1971,1545,1494
1965,1550,1495
1959,1552,1499
1955,1554,1501
1954,1552,1504
1949,1554,1507
1948,1552,1510
1945,1552,1513
1939,1553,1518
1935,1554,1521
1930,1559,1521
1929,1556,1525
1925,1559,1526
1921,1562,1527
1919,1558,1533
1914,1556,1540
1910,1559,1541
1902,1564,1544
1897,1564,1549
1892,1567,1551
1890,1564,1556
1888,1565,1557
1884,1565,1561
1882,1562,1566
1880,1562,1568
1877,1563,1570
1877,1557,1576
1869,1560,1581
1867,1559,1584
1863,1561,1586
1859,1562,1589
1856,1564,1590
1852,1567,1591
1848,1566,1596
1846,1565,1599
1841,1566,1603
1837,1565,1608
1836,1560,1614
1833,1558,1619
1832,1558,1620
1829,1556,1625
1824,1558,1628
1822,1557,1631
1821,1555,1634
1817,1552,1641
1814,1552,1644
1808,1551,1651
1803,1555,1652
1797,1558,1655
1796,1557,1657
1792,1559,1659
1790,1561,1659
1786,1558,1666
1784,1560,1666
1780,1561,1669
1775,1563,1672
1773,1560,1677
1769,1558,1683
1765,1556,1689
1761,1557,1692
1758,1556,1696
1754,1558,1698
1750,1559,1701
1741,1565,1704
1740,1563,1707
1738,1563,1709
1734,1561,1715
1729,1564,1717
1724,1567,1719
1723,1567,1720
1712,1576,1722
1706,1579,1725
1700,1582,1728
1693,1587,1730
1689,1591,1730
1684,1594,1732
1680,1596,1734
1678,1595,1737
1672,1599,1739
1671,1599,1740
1668,1600,1742
1661,1603,1746
1658,1605,1747
1653,1608,1749
1650,1611,1749
1646,1610,1754
1643,1611,1756
1637,1614,1759
1634,1614,1762
1631,1614,1765
1629,1614,1767
1624,1615,1771
1621,1615,1774
1621,1614,1775
1615,1617,1778
1612,1618,1780
1608,1617,1785
1604,1618,1788
1601,1617,1792
1597,1616,1797
1594,1615,1801
1590,1614,1806
1585,1617,1808
1581,1616,1813
1578,1615,1817
1575,1614,1821
1570,1615,1825
1565,1614,1831
1558,1619,1833
1556,1621,1833
1552,1620,1838
1552,1617,1841
1548,1619,1843
1545,1617,1848
1542,1616,1852
1538,1615,1857
1538,1609,1863
1533,1609,1868
1529,1611,1870
1525,1614,1871
1522,1616,1872
1518,1617,1875
1514,1618,1878
1510,1618,1882
1508,1616,1886
1503,1619,1888
1501,1619,1890
1497,1621,1892
1492,1626,1892
1487,1630,1893
1485,1629,1896
1482,1631,1897
1479,1631,1900
1478,1625,1907
1477,1623,1910
1474,1619,1917
1473,1617,1920
1472,1614,1924
1465,1619,1926
1465,1618,1927
1461,1615,1934
1455,1620,1935
1452,1622,1936
1451,1621,1938
1447,1621,1942
1439,1625,1946
1434,1628,1948
1431,1629,1950
1429,1628,1953
1428,1624,1958
1425,1624,1961
1419,1628,1963
1415,1626,1969
1412,1625,1973
1412,1623,1975
1407,1623,1980
1405,1623,1982
1402,1626,1982
1399,1625,1986
1395,1626,1989
1391,1624,1995
1389,1624,1997
1386,1624,2000
1384,1623,2003
1381,1622,2007
1380,1621,2009
1378,1618,2014
1374,1622,2014
1372,1619,2019
1369,1619,2022
1368,1617,2025
1364,1619,2027
1361,1620,2029
1357,1620,2033
1356,1617,2037
1352,1620,2038
1347,1616,2047
1344,1616,2050
1344,1614,2052
1337,1618,2055
1334,1618,2058
1331,1617,2062
1330,1615,2065
1328,1610,2072
1328,1606,2076
1327,1605,2078
1326,1605,2079
1323,1606,2081
1321,1607,2082
1321,1604,2085
1320,1603,2087
1319,1599,2092
1316,1599,2095
1314,1596,2100
1313,1594,2103
1310,1593,2107
1307,1591,2112
1304,1591,2115
1300,1594,2116
1297,1595,2118
1295,1594,2121
1289,1597,2124
1288,1597,2125
1286,1592,2132
1283,1593,2134
1280,1591,2139
1279,1590,2141
1274,1592,2144
1272,1591,2147
1267,1594,2149
1266,1588,2156
1262,1587,2161
1259,1587,2164
1259,1583,2168
1255,1583,2172
1253,1580,2177
1251,1580,2179
1249,1580,2181
1248,1580,2182
1243,1580,2187
1240,1582,2188
1238,1582,2190
1234,1584,2192
1233,1579,2198
1232,1573,2205
1230,1572,2208
1227,1573,2210
1225,1573,2212
1223,1572,2215
1220,1569,2221
1219,1566,2225
1217,1567,2226
1213,1569,2228
1213,1567,2230
1211,1566,2233
1210,1563,2237
1206,1563,2241
1202,1562,2246
1199,1563,2248
1195,1561,2254
1195,1555,2260
1193,1551,2266
1191,1551,2268
1189,1551,2270
1189,1550,2271
1187,1550,2273
1186,1549,2275
1184,1550,2276
1181,1545,2284
1179,1541,2290
1179,1540,2291
1178,1535,2297
1174,1537,2299
1170,1540,2300
1169,1539,2302
1167,1539,2304
1166,1534,2310
1164,1533,2313
1163,1534,2313
1159,1532,2319
1157,1532,2321
1153,1533,2324
1150,1534,2326
1149,1531,2330
1146,1530,2334
1145,1526,2339
1143,1525,2342
1139,1527,2344
1137,1525,2348
1135,1525,2350
1133,1525,2352
1126,1527,2357
1124,1527,2359
1123,1525,2362
1122,1519,2369
1120,1518,2372
1118,1519,2373
1117,1516,2377
1116,1513,2381
1115,1509,2386
1113,1508,2389
1112,1502,2396
1108,1503,2399
1107,1501,2402
1105,1502,2403
1100,1504,2406
1098,1503,2409
1097,1502,2411
1095,1503,2412
1095,1502,2413
1091,1503,2416
1089,1503,2418
1086,1505,2419
1086,1503,2421
1079,1505,2426
1076,1506,2428
1071,1510,2429
1064,1511,2435
1059,1512,2439
1058,1508,2444
1056,1503,2451
1054,1502,2454
1052,1500,2458
1052,1497,2461
1051,1496,2463
1049,1494,2467
1046,1495,2469
1043,1495,2472
1038,1498,2474
1036,1499,2475
1034,1501,2475
1031,1499,2480
1031,1498,2481
1028,1499,2483
1027,1499,2484
1025,1489,2496
1024,1488,2498
1022,1485,2503
1019,1485,2506
1018,1483,2509
1014,1484,2512
1010,1487,2513
1008,1485,2517
1005,1486,2519
1002,1486,2522
1000,1487,2523
999,1486,2525
999,1485,2526
998,1483,2529
995,1485,2530
993,1485,2532
991,1485,2534
991,1483,2536
988,1481,2541
986,1479,2545
985,1479,2546
981,1480,2549
977,1482,2551
975,1482,2553
971,1484,2555
968,1485,2557
965,1484,2561
962,1483,2565
961,1481,2568
959,1478,2573
957,1478,2575
956,1476,2578
956,1472,2582
955,1470,2585
954,1471,2585
950,1469,2591
948,1465,2597
947,1465,2598
945,1463,2602
941,1465,2604
937,1465,2608
936,1462,2612
933,1456,2621
931,1453,2626
931,1452,2627
930,1448,2632
930,1444,2636
926,1447,2637
925,1443,2642
923,1441,2646
921,1440,2649
920,1440,2650
919,1438,2653
918,1436,2656
916,1431,2663
912,1433,2665
911,1434,2665
910,1433,2667
907,1432,2671
903,1435,2672
901,1435,2674
898,1434,2678
897,1432,2681
896,1431,2683
894,1432,2684
887,1436,2687
885,1436,2689
880,1438,2692
877,1436,2697
877,1434,2699
873,1432,2705
871,1429,2710
869,1426,2715
866,1427,2717
865,1426,2719
858,1429,2723
855,1426,2729
852,1427,2731
851,1425,2734
850,1423,2737
845,1422,2743
842,1423,2745
839,1423,2748
833,1428,2749
832,1428,2750
829,1430,2751
828,1429,2753
827,1428,2755
827,1424,2759
824,1426,2760
820,1428,2762
818,1430,2762
816,1426,2768
814,1421,2775
814,1416,2780
809,1417,2784
806,1419,2785
804,1419,2787
800,1419,2791
795,1421,2794
794,1417,2799
791,1416,2803
790,1415,2805
787,1412,2811
784,1413,2813
780,1415,2815
778,1415,2817
776,1414,2820
771,1416,2823
768,1418,2824
766,1420,2824
766,1418,2826
763,1418,2829
760,1420,2830
759,1418,2833
759,1417,2834
758,1413,2839
756,1412,2842
754,1413,2843
748,1417,2845
744,1420,2846
741,1421,2848
738,1423,2849
736,1424,2850
735,1422,2853
732,1422,2856
730,1421,2859
729,1418,2863
726,1417,2867
725,1417,2868
724,1416,2870
722,1414,2874
720,1412,2878
719,1411,2880
718,1410,2882
718,1406,2886
712,1409,2889
711,1409,2890
707,1410,2893
705,1409,2896
703,1407,2900
702,1407,2901
701,1403,2906
700,1400,2910
697,1400,2913
695,1399,2916
694,1396,2920
691,1397,2922
690,1396,2924
686,1396,2928
685,1394,2931
684,1392,2934
681,1392,2937
680,1391,2939
676,1389,2945
675,1388,2947
674,1387,2949
674,1384,2952
674,1381,2955
670,1380,2960
667,1380,2963
665,1382,2963
663,1383,2964
663,1378,2969
660,1380,2970
658,1379,2973
656,1379,2975
655,1376,2979
654,1375,2981
654,1372,2984
653,1368,2989
651,1365,2994
650,1365,2995
650,1361,2999
649,1361,3000
645,1360,3005
644,1358,3008
643,1357,3010
641,1355,3014
640,1354,3016
639,1354,3017
639,1352,3019
638,1349,3023
635,1347,3028
630,1349,3031
630,1346,3034
627,1345,3038
627,1342,3041
625,1343,3042
622,1344,3044
619,1343,3048
617,1342,3051
616,1343,3051
616,1341,3053
614,1337,3059
611,1336,3063
607,1339,3064
606,1340,3064
603,1339,3068
601,1339,3070
599,1339,3072
597,1338,3075
595,1340,3075
593,1341,3076
590,1339,3081
587,1339,3084
585,1336,3089
583,1335,3092
582,1332,3096
580,1333,3097
579,1330,3101
574,1331,3105
572,1330,3108
570,1329,3111
568,1331,3111
567,1330,3113
564,1328,3118
562,1325,3123
562,1324,3124
562,1319,3129
561,1319,3130
561,1314,3135
560,1314,3136
558,1315,3137
557,1313,3140
556,1311,3143
554,1311,3145
552,1312,3146
551,1305,3154
550,1304,3156
549,1304,3157
548,1303,3159
548,1300,3162
546,1302,3162
546,1299,3165
544,1297,3169
543,1293,3174
542,1292,3176
537,1294,3179
535,1294,3181
533,1294,3183
531,1294,3185
529,1292,3189
527,1293,3190
524,1295,3191
521,1298,3191
518,1299,3193
517,1300,3193
516,1299,3195
514,1298,3198
514,1293,3203
513,1289,3208
512,1286,3212
511,1284,3215
511,1279,3220
510,1277,3223
510,1275,3225
506,1279,3225
503,1278,3229
501,1279,3230
501,1276,3233
494,1280,3236
493,1278,3239
493,1278,3239
491,1278,3241
488,1280,3242
486,1281,3243
484,1280,3246
484,1275,3251
482,1274,3254
481,1274,3255
480,1269,3261
479,1269,3262
477,1265,3268
476,1260,3274
473,1259,3278
471,1260,3279
468,1260,3282
465,1260,3285
463,1259,3288
460,1259,3291
459,1258,3293
458,1256,3296
456,1255,3299
452,1256,3302
449,1256,3305
446,1257,3307
446,1253,3311
446,1251,3313
446,1249,3315
446,1249,3315
444,1250,3316
442,1249,3319
440,1247,3323
437,1248,3325
437,1246,3327
434,1248,3328
432,1246,3332
431,1246,3333
429,1246,3335
427,1246,3337
426,1244,3340
426,1244,3340
423,1246,3341
422,1243,3345
418,1246,3346
418,1243,3349
417,1241,3352
417,1236,3357
417,1236,3357
416,1232,3362
413,1234,3363
410,1233,3367
409,1230,3371
408,1226,3376
408,1221,3381
408,1216,3386
406,1215,3389
404,1216,3390
401,1215,3394
400,1213,3397
399,1212,3399
396,1213,3401
394,1214,3402
393,1212,3405
393,1210,3407
392,1207,3411
391,1205,3414
389,1204,3417
388,1203,3419
385,1204,3421
385,1204,3421
385,1200,3425
384,1201,3425
383,1199,3428
379,1201,3430
378,1201,3431
375,1202,3433
375,1202,3433
374,1202,3434
373,1202,3435
372,1198,3440
371,1198,3441
370,1196,3444
369,1196,3445
369,1192,3449
366,1193,3451
364,1192,3454
362,1192,3456
361,1191,3458
359,1193,3458
357,1192,3461
357,1192,3461
355,1191,3464
353,1192,3465
347,1195,3468
347,1194,3469
347,1193,3470
347,1189,3474
344,1185,3481
342,1185,3483
340,1183,3487
339,1183,3488
336,1182,3492
334,1182,3494
333,1182,3495
333,1181,3496
333,1177,3500
333,1176,3501
332,1177,3501
331,1176,3503
330,1172,3508
329,1171,3510
328,1169,3513
327,1167,3516
326,1166,3518
325,1163,3522
324,1161,3525
323,1160,3527
323,1157,3530
321,1157,3532
320,1155,3535
317,1156,3537
316,1154,3540
313,1156,3541
313,1154,3543
312,1155,3543
312,1152,3546
309,1153,3548
308,1149,3553
308,1148,3554
306,1149,3555
303,1145,3562
302,1143,3565
301,1140,3569
301,1136,3573
300,1136,3574
298,1133,3579
296,1132,3582
295,1132,3583
294,1131,3585
294,1129,3587
290,1129,3591
290,1128,3592
290,1128,3592
289,1128,3593
289,1123,3598
289,1119,3602
287,1119,3604
287,1116,3607
287,1113,3610
287,1111,3612
287,1106,3617
287,1103,3620
287,1101,3622
287,1097,3626
286,1098,3626
283,1098,3629
283,1096,3631
281,1098,3631
275,1100,3635
274,1100,3636
274,1099,3637
273,1093,3644
272,1091,3647
270,1089,3651
269,1088,3653
267,1090,3653
267,1090,3653
265,1091,3654
265,1085,3660
263,1085,3662
263,1082,3665
263,1081,3666
261,1081,3668
260,1077,3673
258,1076,3676
255,1079,3676
255,1078,3677
254,1079,3677
254,1076,3680
253,1075,3682
253,1073,3684
249,1075,3686
248,1075,3687
247,1075,3688
247,1073,3690
246,1071,3693
245,1067,3698
244,1066,3700
243,1066,3701
243,1066,3701
240,1068,3702
240,1064,3706
239,1064,3707
238,1062,3710
237,1062,3711
235,1062,3713
235,1061,3714
235,1061,3714
235,1058,3717
234,1057,3719
234,1052,3724
233,1051,3726
233,1050,3727
232,1048,3730
232,1047,3731
231,1046,3733
231,1043,3736
227,1046,3737
227,1046,3737
227,1042,3741
226,1041,3743
226,1037,3747
225,1033,3752
225,1033,3752
221,1035,3754
220,1032,3758
220,1030,3760
218,1030,3762
217,1030,3763
217,1026,3767
217,1023,3770
216,1023,3771
215,1021,3774
212,1020,3778
212,1018,3780
212,1018,3780
211,1016,3783
209,1015,3786
208,1015,3787
207,1014,3789
206,1012,3792
205,1011,3794
205,1010,3795
205,1008,3797
205,1008,3797
205,1005,3800
205,1004,3801
203,1001,3806
203,1001,3806
203,1000,3807
202,998,3810
199,997,3814
199,995,3816
199,995,3816
199,993,3818
199,993,3818
199,990,3821
198,991,3821
198,990,3822
198,989,3823
197,987,3826
197,985,3828
197,984,3829
196,984,3830
194,986,3830
194,981,3835
193,977,3840
193,974,3843
192,974,3844
191,973,3846
191,973,3846
190,972,3848
187,975,3848
187,972,3851
187,971,3852
186,971,3853
186,969,3855
185,969,3856
184,969,3857
182,968,3860
182,967,3861
182,967,3861
180,967,3863
179,967,3864
176,965,3869
175,963,3872
173,962,3875
173,955,3882
173,953,3884
173,952,3885
173,950,3887
173,948,3889
172,947,3891
171,948,3891
171,947,3892
171,945,3894
171,943,3896
170,941,3899
170,940,3900
170,938,3902
170,937,3903
170,934,3906
169,931,3910
168,928,3914
167,926,3917
167,926,3917
165,928,3917
164,928,3918
164,928,3918
164,927,3919
163,925,3922
161,926,3923
161,924,3925
161,923,3926
160,922,3928
158,921,3931
158,920,3932
156,920,3934
156,914,3940
155,913,3942
155,911,3944
155,909,3946
154,909,3947
153,909,3948
152,910,3948
152,910,3948
152,908,3950
152,906,3952
150,908,3952
149,909,3952
148,910,3952
148,908,3954
148,904,3958
148,902,3960
148,900,3962
147,900,3963
147,899,3964
147,898,3965
147,895,3968
147,890,3973
147,889,3974
146,888,3976
146,887,3977
146,887,3977
145,887,3978
144,886,3980
144,883,3983
144,880,3986
144,880,3986
140,882,3988
140,878,3992
140,877,3993
139,877,3994
139,876,3995
139,875,3996
139,873,3998
139,871,4000
139,870,4001
139,869,4002
139,868,4003
139,868,4003
138,867,4005
137,868,4005
136,865,4009
136,864,4010
136,862,4012
136,858,4016
135,858,4017
135,856,4019
134,855,4021
134,853,4023
134,850,4026
134,846,4030
133,846,4031
133,846,4031
133,846,4031
133,845,4032
132,845,4033
132,843,4035
132,842,4036
132,840,4038
132,838,4040
131,836,4043
131,835,4044
130,836,4044
129,837,4044
128,836,4046
128,835,4047
128,834,4048
128,832,4050
127,833,4050
127,831,4052
126,831,4053
126,831,4053
125,831,4054
124,832,4054
124,830,4056
124,829,4057
124,828,4058
122,829,4059
122,827,4061
121,826,4063
121,825,4064
120,824,4066
120,822,4068
120,820,4070
120,820,4070
120,820,4070
119,819,4072
119,817,4074
115,820,4075
115,819,4076
113,820,4077
112,819,4079
112,818,4080
112,815,4083
112,813,4085
112,811,4087
112,810,4088
111,808,4091
110,808,4092
110,806,4094
110,802,4098
109,799,4102
109,798,4103
107,799,4104
107,798,4105
106,798,4106
106,796,4108
106,796,4108
105,795,4110
105,795,4110
105,795,4110
105,794,4111
103,793,4114
102,793,4115
101,788,4121
101,788,4121
100,788,4122
98,787,4125
97,786,4127
97,785,4128
97,784,4129
96,785,4129
96,784,4130
96,783,4131
95,783,4132
95,783,4132
93,785,4132
93,783,4134
92,782,4136
92,781,4137
92,781,4137
92,780,4138
92,777,4141
91,775,4144
90,775,4145
89,770,4151
87,772,4151
87,770,4153
85,769,4156
85,768,4157
84,767,4159
83,767,4160
83,765,4162
83,763,4164
83,763,4164
82,763,4165
80,763,4167
80,761,4169
80,760,4170
80,758,4172
79,758,4173
79,757,4174
79,756,4175
78,754,4178
77,755,4178
77,753,4180
75,753,4182
74,751,4185
74,749,4187
73,749,4188
71,751,4188
70,752,4188
69,749,4192
69,749,4192
69,749,4192
69,748,4193
69,748,4193
69,748,4193
69,748,4193
68,749,4193
68,749,4193
68,749,4193
68,747,4195
68,746,4196
68,745,4197
67,743,4200
65,744,4201
65,741,4204
65,741,4204
65,739,4206
64,740,4206
64,739,4207
63,737,4210
62,738,4210
62,735,4213
61,736,4213
61,736,4213
59,736,4215
59,736,4215
59,735,4216
58,734,4218
58,733,4219
58,731,4221
58,730,4222
58,726,4226
56,727,4227
55,725,4230
55,724,4231
55,722,4233
55,719,4236
55,716,4239
54,713,4243
54,711,4245
53,710,4247
51,710,4249
51,708,4251
51,707,4252
51,707,4252
51,705,4254
51,705,4254
50,706,4254
49,707,4254
49,705,4256
49,703,4258
48,702,4260
48,700,4262
48,700,4262
48,699,4263
48,695,4267
47,696,4267
47,694,4269
47,694,4269
46,693,4271
46,692,4272
44,693,4273
44,690,4276
44,688,4278
44,688,4278
44,687,4279
44,685,4281
44,685,4281
43,686,4281
42,686,4282
41,687,4282
41,687,4282
41,686,4283
40,684,4286
40,680,4290
40,679,4291
40,678,4292
39,677,4294
39,675,4296
39,672,4299
39,672,4299
39,671,4300
39,671,4300
39,668,4303
38,668,4304
38,666,4306
38,665,4307
38,664,4308
37,664,4309
37,664,4309
37,664,4309
37,664,4309
37,664,4309
37,663,4310
37,662,4311
37,660,4313
37,660,4313
37,659,4314
37,657,4316
37,655,4318
37,655,4318
37,652,4321
35,652,4323
35,652,4323
35,650,4325
35,648,4327
35,647,4328
35,647,4328
34,647,4329
34,645,4331
34,644,4332
34,643,4333
33,643,4334
33,642,4335
33,641,4336
33,640,4337
33,638,4339
32,638,4340
32,636,4342
31,636,4343
31,634,4345
31,633,4346
31,632,4347
31,629,4350
31,629,4350
31,628,4351
31,626,4353
30,623,4357
30,623,4357
29,623,4358
29,620,4361
29,615,4366
29,610,4371
29,608,4373
29,607,4374
29,607,4374
28,605,4377
28,605,4377
28,604,4378
28,604,4378
28,602,4380
28,601,4381
27,602,4381
26,603,4381
26,601,4383
26,599,4385
26,595,4389
26,595,4389
26,595,4389
26,592,4392
26,590,4394
26,588,4396
26,587,4397
26,586,4398
26,584,4400
25,581,4404
25,580,4405
25,580,4405
25,578,4407
25,577,4408
25,577,4408
25,576,4409
25,575,4410
25,574,4411
25,572,4413
25,570,4415
25,569,4416
25,568,4417
25,568,4417
25,568,4417
25,566,4419
24,566,4420
24,566,4420
24,565,4421
24,565,4421
24,564,4422
24,563,4423
24,559,4427
24,557,4429
24,555,4431
22,557,4431
22,557,4431
22,554,4434
22,553,4435
22,552,4436
22,549,4439
22,548,4440
22,547,4441
22,546,4442
22,545,4443
22,543,4445
22,543,4445
22,541,4447
22,541,4447
22,540,4448
22,540,4448
22,538,4450
21,538,4451
20,539,4451
20,538,4452
20,538,4452
20,538,4452
20,533,4457
20,530,4460
20,529,4461
20,528,4462
20,528,4462
20,526,4464
20,526,4464
20,525,4465
20,525,4465
20,524,4466
20,523,4467
20,522,4468
20,522,4468
20,522,4468
20,520,4470
20,520,4470
20,519,4471
20,517,4473
20,517,4473
20,516,4474
20,516,4474
20,516,4474
20,514,4476
19,514,4477
19,511,4480
19,509,4482
19,508,4483
19,507,4484
19,505,4486
19,504,4487
19,504,4487
19,503,4488
19,501,4490
19,500,4491
19,498,4493
19,497,4494
19,497,4494
18,496,4496
18,496,4496
18,496,4496
17,497,4496
17,495,4498
17,494,4499
17,494,4499
17,492,4501
17,491,4502
17,491,4502
17,491,4502
17,489,4504
17,486,4507
17,485,4508
17,484,4509
17,482,4511
17,481,4512
17,481,4512
17,480,4513
17,480,4513
17,478,4515
17,478,4515
17,478,4515
17,477,4516
17,474,4519
17,474,4519
17,473,4520
16,474,4520
16,474,4520
16,473,4521
16,472,4522
16,472,4522
16,471,4523
16,470,4524
16,468,4526
16,468,4526
16,467,4527
16,467,4527
16,467,4527
16,466,4528
16,463,4531
16,462,4532
16,461,4533
16,460,4534
16,458,4536
16,456,4538
16,453,4541
16,453,4541
16,452,4542
16,451,4543
16,451,4543
16,449,4545
15,450,4545
15,450,4545
15,450,4545
15,446,4549
15,446,4549
15,445,4550
15,442,4553
15,441,4554
14,440,4556
14,440,4556
14,440,4556
14,440,4556
14,439,4557
14,439,4557
14,438,4558
14,437,4559
14,436,4560
14,436,4560
14,435,4561
14,434,4562
14,434,4562
14,431,4565
14,430,4566
14,428,4568
14,428,4568
14,427,4569
14,426,4570
14,424,4572
14,424,4572
14,423,4573
14,422,4574
14,422,4574
14,422,4574
14,422,4574
14,421,4575
14,420,4576
14,419,4577
14,419,4577
14,419,4577
14,419,4577
14,417,4579
14,416,4580
14,414,4582
14,414,4582
14,414,4582
14,413,4583
14,413,4583
14,411,4585
14,410,4586
13,409,4588
13,409,4588
13,409,4588
13,409,4588
13,409,4588
13,409,4588
13,408,4589
13,408,4589
13,408,4589
13,407,4590
13,405,4592
13,403,4594
13,402,4595
12,403,4595
12,403,4595
12,401,4597
12,400,4598
12,400,4598
12,400,4598
12,400,4598
12,400,4598
12,400,4598
12,399,4599
12,398,4600
12,398,4600
12,395,4603
12,394,4604
12,392,4606
12,392,4606
12,392,4606
12,389,4609
12,389,4609
12,387,4611
12,387,4611
12,387,4611
12,387,4611
12,386,4612
12,385,4613
12,385,4613
12,385,4613
12,384,4614
12,383,4615
12,382,4616
12,382,4616
12,380,4618
12,380,4618
12,378,4620
12,378,4620
11,378,4621
11,378,4621
11,378,4621
11,378,4621
11,378,4621
11,377,4622
11,376,4623
11,376,4623
10,375,4625
10,375,4625
10,375,4625
10,375,4625
10,373,4627
10,372,4628
10,371,4629
10,368,4632
10,367,4633
10,367,4633
10,366,4634
10,366,4634
10,366,4634
10,364,4636
10,361,4639
10,361,4639
10,360,4640
10,360,4640
10,360,4640
10,360,4640
10,360,4640
10,360,4640
10,359,4641
10,359,4641
10,359,4641
10,359,4641
10,359,4641
10,359,4641
10,358,4642
10,358,4642
10,358,4642
10,355,4645
10,355,4645
10,354,4646
10,354,4646
10,351,4649
10,351,4649
10,351,4649
10,351,4649
10,350,4650
10,349,4651
10,348,4652
10,348,4652
10,348,4652
10,348,4652
10,348,4652
10,348,4652
10,347,4653
10,346,4654
10,346,4654
10,345,4655
10,344,4656
10,342,4658
10,339,4661
10,338,4662
10,337,4663
10,337,4663
10,334,4666
10,334,4666
10,333,4667
10,333,4667
10,333,4667
10,333,4667
10,333,4667
10,332,4668
10,330,4670
10,329,4671
10,328,4672
10,327,4673
10,327,4673
10,327,4673
10,326,4674
10,325,4675
10,325,4675
10,325,4675
10,324,4676
10,323,4677
10,322,4678
10,322,4678
10,320,4680
10,319,4681
10,319,4681
10,318,4682
10,318,4682
10,317,4683
10,317,4683
10,317,4683
10,315,4685
9,314,4687
9,313,4688
9,313,4688
9,312,4689
9,311,4690
9,309,4692
9,309,4692
9,309,4692
9,309,4692
9,307,4694
9,306,4695
9,304,4697
9,304,4697
9,304,4697
9,304,4697
9,303,4698
9,303,4698
9,302,4699
9,301,4700
9,300,4701
9,300,4701
8,301,4701
8,297,4705
8,296,4706
8,296,4706
8,293,4709
8,291,4711
8,291,4711
8,290,4712
8,289,4713
8,289,4713
8,289,4713
8,289,4713
8,289,4713
8,287,4715
8,285,4717
8,285,4717
8,285,4717
8,285,4717
8,285,4717
8,284,4718
8,284,4718
8,284,4718
8,284,4718
8,284,4718
8,282,4720
8,282,4720
8,281,4721
8,281,4721
8,281,4721
7,281,4722
7,279,4724
7,278,4725
7,278,4725
7,277,4726
7,277,4726
7,277,4726
7,277,4726
7,276,4727
7,275,4728
7,275,4728
7,275,4728
7,275,4728
7,272,4731
7,271,4732
7,271,4732
7,270,4733
7,270,4733
7,269,4734
7,269,4734
7,269,4734
7,269,4734
7,269,4734
7,269,4734
7,268,4735
7,268,4735
7,268,4735
7,268,4735
7,267,4736
7,266,4737
7,266,4737
7,265,4738
7,265,4738
7,265,4738
7,265,4738
7,264,4739
7,264,4739
7,263,4740
7,262,4741
7,262,4741
7,261,4742
7,260,4743
7,260,4743
7,260,4743
7,260,4743
7,260,4743
6,261,4743
6,260,4744
6,260,4744
6,260,4744
6,260,4744
6,260,4744
6,260,4744
6,257,4747
6,256,4748
6,256,4748
6,256,4748
6,256,4748
6,256,4748
6,256,4748
6,255,4749
6,255,4749
6,254,4750
6,253,4751
6,252,4752
6,252,4752
6,252,4752
6,251,4753
6,251,4753
6,249,4755
6,249,4755
6,248,4756
6,247,4757
6,247,4757
6,247,4757
6,246,4758
6,243,4761
6,241,4763
6,241,4763
6,241,4763
6,241,4763
6,241,4763
6,241,4763
6,239,4765
6,238,4766
6,236,4768
6,236,4768
6,236,4768
6,236,4768
6,236,4768
5,237,4768
5,237,4768
5,237,4768
5,237,4768
5,236,4769
5,235,4770
5,234,4771
5,234,4771
5,234,4771
5,234,4771
5,234,4771
5,233,4772
5,233,4772
5,233,4772
5,233,4772
5,233,4772
5,233,4772
5,233,4772
5,233,4772
5,232,4773
5,231,4774
5,231,4774
5,231,4774
5,231,4774
5,231,4774
5,231,4774
5,229,4776
5,228,4777
5,228,4777
5,228,4777
5,228,4777
5,228,4777
5,228,4777
5,227,4778
5,227,4778
5,226,4779
5,226,4779
5,226,4779
5,225,4780
5,224,4781
5,224,4781
5,224,4781
5,223,4782
5,222,4783
5,221,4784
5,221,4784
5,221,4784
5,221,4784
5,220,4785
5,220,4785
5,220,4785
5,220,4785
5,220,4785
5,220,4785
5,220,4785
5,220,4785
5,219,4786
5,219,4786
5,219,4786
5,218,4787
5,218,4787
5,218,4787
5,216,4789
5,216,4789
5,216,4789
5,216,4789
5,216,4789
5,214,4791
5,212,4793
5,212,4793
5,212,4793
5,211,4794
5,210,4795
5,210,4795
5,210,4795
5,209,4796
5,207,4798
5,206,4799
5,205,4800
5,203,4802
5,201,4804
5,201,4804
5,201,4804
5,200,4805
5,200,4805
5,200,4805
5,200,4805
5,200,4805
5,200,4805
5,200,4805
5,199,4806
5,199,4806
5,199,4806
5,198,4807
5,198,4807
5,198,4807
5,198,4807
5,198,4807
5,198,4807
5,198,4807
5,197,4808
5,197,4808
5,197,4808
5,197,4808
5,196,4809
5,196,4809
5,195,4810
5,195,4810
5,195,4810
5,195,4810
5,195,4810
5,195,4810
5,194,4811
5,193,4812
5,193,4812
5,193,4812
5,193,4812
5,193,4812
5,192,4813
5,191,4814
5,191,4814
5,191,4814
5,191,4814
5,191,4814
5,190,4815
5,190,4815
5,190,4815
5,189,4816
5,189,4816
5,189,4816
5,189,4816
5,188,4817
5,187,4818
5,187,4818
5,187,4818
5,187,4818
5,187,4818
5,187,4818
5,187,4818
5,187,4818
5,187,4818
5,187,4818
5,187,4818
5,187,4818
5,187,4818
5,187,4818
5,186,4819
5,186,4819
5,185,4820
5,185,4820
5,183,4822
5,182,4823
5,181,4824
5,181,4824
5,179,4826
5,179,4826
5,179,4826
5,179,4826
5,179,4826
5,177,4828
5,177,4828
5,177,4828
5,177,4828
5,177,4828
5,177,4828
5,177,4828
5,177,4828
5,177,4828
5,177,4828
5,177,4828
5,176,4829
5,176,4829
5,175,4830
5,174,4831
5,173,4832
5,173,4832
5,172,4833
5,172,4833
5,172,4833
5,172,4833
5,172,4833
5,171,4834
5,171,4834
5,170,4835
5,170,4835
5,170,4835
5,170,4835
5,170,4835
5,170,4835
5,169,4836
5,168,4837
5,167,4838
5,167,4838
5,167,4838
5,167,4838
5,167,4838
5,167,4838
5,167,4838
5,167,4838
5,167,4838
5,167,4838
5,167,4838
5,167,4838
5,167,4838
5,167,4838
5,166,4839
5,166,4839
5,166,4839
5,164,4841
5,164,4841
5,164,4841
5,164,4841
5,164,4841
5,164,4841
5,164,4841
5,164,4841
5,162,4843
5,162,4843
5,161,4844
5,161,4844
5,161,4844
5,161,4844
5,161,4844
5,160,4845
5,159,4846
5,159,4846
5,159,4846
5,159,4846
5,159,4846
5,159,4846
5,159,4846
5,159,4846
5,158,4847
5,158,4847
5,158,4847
5,157,4848
5,157,4848
5,157,4848
5,157,4848
5,157,4848
5,156,4849
5,156,4849
5,156,4849
5,156,4849
5,156,4849
5,156,4849
5,156,4849
5,156,4849
5,156,4849
5,156,4849
5,155,4850
5,155,4850
5,154,4851
5,154,4851
5,153,4852
5,153,4852
5,153,4852
5,153,4852
5,153,4852
5,153,4852
5,152,4853
5,151,4854
5,151,4854
5,150,4855
5,150,4855
5,149,4856
5,149,4856
5,149,4856
5,149,4856
5,149,4856
5,148,4857
5,148,4857
5,148,4857
5,148,4857
5,148,4857
5,148,4857
5,148,4857
5,148,4857
5,147,4858
5,147,4858
5,146,4859
5,146,4859
5,146,4859
5,146,4859
5,146,4859
5,146,4859
5,146,4859
5,146,4859
5,146,4859
5,145,4860
5,145,4860
5,145,4860
5,145,4860
5,144,4861
5,144,4861
5,144,4861
5,144,4861
5,144,4861
5,144,4861
5,144,4861
5,144,4861
5,144,4861
5,144,4861
5,143,4862
5,143,4862
5,143,4862
5,143,4862
5,142,4863
5,142,4863
5,142,4863
5,142,4863
5,142,4863
5,142,4863
5,142,4863
5,142,4863
5,142,4863
5,142,4863
5,142,4863
5,141,4864
5,140,4865
5,140,4865
5,140,4865
5,140,4865
5,140,4865
5,140,4865
5,139,4866
5,139,4866
5,139,4866
5,139,4866
5,139,4866
5,139,4866
5,138,4867
5,138,4867
5,138,4867
5,138,4867
5,138,4867
5,138,4867
5,138,4867
5,136,4869
5,136,4869
5,136,4869
5,136,4869
5,136,4869
5,136,4869
5,136,4869
5,136,4869
5,136,4869
5,136,4869
5,136,4869
5,134,4871
5,134,4871
5,134,4871
5,134,4871
5,134,4871
5,134,4871
5,134,4871
5,134,4871
5,134,4871
5,134,4871
5,134,4871
5,132,4873
5,132,4873
5,132,4873
5,132,4873
5,132,4873
5,132,4873
5,131,4874
5,130,4875
5,130,4875
5,130,4875
5,128,4877
5,128,4877
5,127,4878
5,127,4878
5,127,4878
5,127,4878
5,127,4878
5,127,4878
5,127,4878
5,127,4878
5,127,4878
5,127,4878
5,127,4878
5,127,4878
5,126,4879
5,126,4879
5,126,4879
5,126,4879
5,126,4879
5,126,4879
5,126,4879
5,125,4880
5,125,4880
5,124,4881
5,122,4883
5,122,4883
5,122,4883
5,122,4883
5,122,4883
5,122,4883
5,122,4883
5,121,4884
5,120,4885
5,119,4886
5,119,4886
5,119,4886
5,119,4886
5,119,4886
5,119,4886
5,119,4886
5,119,4886
5,118,4887
5,118,4887
5,118,4887
5,118,4887
5,117,4888
4,118,4888
4,118,4888
4,118,4888
4,118,4888
4,117,4889
4,117,4889
4,117,4889
4,116,4890
4,116,4890
4,116,4890
4,116,4890
4,116,4890
4,116,4890
4,115,4891
4,115,4891
4,115,4891
4,115,4891
4,115,4891
4,115,4891
4,113,4893
4,113,4893
4,113,4893
4,113,4893
4,113,4893
4,113,4893
4,113,4893
4,113,4893
4,113,4893
4,113,4893
4,112,4894
4,112,4894
4,110,4896
4,110,4896
4,110,4896
4,110,4896
4,110,4896
4,110,4896
4,110,4896
4,110,4896
4,109,4897
4,109,4897
4,109,4897
4,107,4899
4,107,4899
4,107,4899
4,107,4899
4,107,4899
4,106,4900
4,106,4900
4,106,4900
4,106,4900
4,105,4901
4,105,4901
4,105,4901
4,105,4901
4,103,4903
4,103,4903
4,103,4903
4,103,4903
4,103,4903
4,103,4903
4,103,4903
4,103,4903
4,102,4904
4,102,4904
4,102,4904
4,102,4904
4,102,4904
4,102,4904
4,101,4905
4,101,4905
4,101,4905
4,101,4905
4,101,4905
4,101,4905
4,101,4905
4,101,4905
4,101,4905
4,101,4905
4,100,4906
4,100,4906
4,100,4906
4,100,4906
4,100,4906
4,100,4906
4,100,4906
4,100,4906
4,100,4906
4,98,4908
4,98,4908
4,97,4909
4,97,4909
4,97,4909
4,97,4909
4,97,4909
4,97,4909
4,97,4909
4,97,4909
4,96,4910
4,96,4910
4,96,4910
4,96,4910
4,96,4910
4,96,4910
4,96,4910
4,96,4910
4,95,4911
4,95,4911
4,95,4911
4,95,4911
4,95,4911
4,95,4911
4,94,4912
4,94,4912
4,94,4912
4,94,4912
4,94,4912
4,94,4912
4,94,4912
4,94,4912
4,93,4913
4,93,4913
4,93,4913
4,93,4913
4,93,4913
4,93,4913
4,93,4913
4,93,4913
4,93,4913
4,93,4913
4,93,4913
4,93,4913
4,93,4913
4,93,4913
4,93,4913
4,92,4914
4,91,4915
4,91,4915
4,91,4915
4,91,4915
4,91,4915
4,91,4915
4,91,4915
4,91,4915
4,90,4916
4,89,4917
4,88,4918
4,87,4919
4,87,4919
4,87,4919
4,87,4919
4,87,4919
4,87,4919
4,87,4919
4,87,4919
4,86,4920
4,86,4920
4,86,4920
4,86,4920
4,86,4920
4,86,4920
4,86,4920
4,86,4920
4,86,4920
4,86,4920
4,85,4921
4,85,4921
4,85,4921
4,84,4922
4,83,4923
4,83,4923
4,83,4923
4,83,4923
4,83,4923
4,83,4923
4,83,4923
4,83,4923
4,83,4923
4,83,4923
4,83,4923
4,83,4923
4,82,4924
4,82,4924
4,81,4925
4,81,4925
4,81,4925
4,81,4925
4,81,4925
4,81,4925
4,81,4925
4,81,4925
4,80,4926
4,80,4926
4,80,4926
4,79,4927
4,79,4927
4,79,4927
4,79,4927
4,79,4927
4,79,4927
4,79,4927
4,79,4927
4,78,4928
4,78,4928
4,78,4928
4,77,4929
4,77,4929
4,77,4929
4,77,4929
4,77,4929
4,77,4929
4,77,4929
4,76,4930
4,76,4930
4,76,4930
4,76,4930
4,75,4931
4,75,4931
4,75,4931
4,75,4931
4,75,4931
4,75,4931
4,75,4931
4,75,4931
4,75,4931
4,75,4931
4,75,4931
4,75,4931
4,75,4931
4,75,4931
4,75,4931
4,75,4931
4,75,4931
4,75,4931
4,75,4931
4,75,4931
4,73,4933
4,73,4933
4,73,4933
4,73,4933
4,72,4934
4,71,4935
4,71,4935
4,71,4935
4,71,4935
4,71,4935
4,71,4935
4,69,4937
4,68,4938
4,68,4938
4,68,4938
4,68,4938
4,68,4938
4,67,4939
4,67,4939
4,67,4939
4,67,4939
4,66,4940
4,65,4941
4,65,4941
4,65,4941
4,65,4941
4,65,4941
4,64,4942
4,64,4942
4,64,4942
4,64,4942
4,64,4942
4,64,4942
4,64,4942
4,63,4943
4,63,4943
4,63,4943
4,63,4943
4,63,4943
4,63,4943
4,63,4943
4,63,4943
4,63,4943
4,63,4943
4,63,4943
4,63,4943
4,63,4943
4,63,4943
4,63,4943
4,63,4943
4,63,4943
4,63,4943
4,63,4943
4,63,4943
4,63,4943
4,63,4943
4,63,4943
4,63,4943
4,63,4943
4,63,4943
4,63,4943
4,63,4943
4,63,4943
4,63,4943
4,62,4944
4,62,4944
4,62,4944
4,62,4944
4,62,4944
4,62,4944
4,62,4944
4,62,4944
4,62,4944
4,62,4944
4,61,4945
4,61,4945
4,61,4945
4,61,4945
4,61,4945
4,61,4945
4,60,4946
4,60,4946
4,59,4947
4,59,4947
4,59,4947
4,59,4947
4,59,4947
4,59,4947
4,59,4947
4,59,4947
4,58,4948
4,58,4948
4,58,4948
4,58,4948
4,58,4948
4,58,4948
4,58,4948
4,57,4949
4,56,4950
4,56,4950
4,56,4950
4,55,4951
4,55,4951
4,55,4951
4,55,4951
4,55,4951
4,55,4951
4,55,4951
4,54,4952
4,54,4952
4,54,4952
4,54,4952
4,54,4952
4,54,4952
4,54,4952
4,54,4952
4,54,4952
4,53,4953
4,53,4953
4,53,4953
4,53,4953
4,53,4953
4,53,4953
4,53,4953
4,53,4953
4,53,4953
4,52,4954
4,51,4955
4,51,4955
4,51,4955
4,51,4955
4,51,4955
4,51,4955
4,51,4955
4,51,4955
4,51,4955
4,51,4955
4,50,4956
4,50,4956
4,50,4956
4,50,4956
4,50,4956
4,50,4956
4,50,4956
4,50,4956
4,50,4956
4,50,4956
4,50,4956
4,50,4956
4,50,4956
4,50,4956
4,50,4956
4,50,4956
4,50,4956
4,50,4956
4,50,4956
4,49,4957
4,49,4957
4,49,4957
4,48,4958
4,48,4958
4,48,4958
4,48,4958
4,48,4958
4,48,4958
4,48,4958
4,48,4958
4,48,4958
4,46,4960
4,46,4960
4,46,4960
4,45,4961
4,45,4961
4,45,4961
4,45,4961
4,44,4962
4,44,4962
4,44,4962
4,44,4962
4,44,4962
4,44,4962
4,44,4962
4,44,4962
4,44,4962
4,44,4962
4,44,4962
4,44,4962
4,44,4962
4,44,4962
4,42,4964
4,41,4965
4,41,4965
4,40,4966
4,40,4966
4,40,4966
4,40,4966
4,40,4966
4,40,4966
4,40,4966
4,40,4966
4,40,4966
4,40,4966
4,40,4966
4,40,4966
4,40,4966
3,41,4966
3,41,4966
3,41,4966
3,41,4966
3,41,4966
3,41,4966
3,41,4966
3,41,4966
3,41,4966
3,41,4966
3,40,4967
3,40,4967
3,40,4967
3,40,4967
3,40,4967
3,40,4967
3,40,4967
3,40,4967
3,39,4968
3,38,4969
3,37,4970
3,37,4970
3,37,4970
3,37,4970
3,37,4970
3,37,4970
3,37,4970
3,37,4970
3,37,4970
3,37,4970
3,37,4970
3,37,4970
3,36,4971
3,36,4971
3,36,4971
3,36,4971
3,36,4971
3,36,4971
3,36,4971
3,36,4971
3,36,4971
3,35,4972
3,35,4972
3,35,4972
3,35,4972
3,35,4972
3,35,4972
3,35,4972
3,35,4972
3,35,4972
3,35,4972
3,35,4972
3,35,4972
3,35,4972
3,35,4972
3,35,4972
3,35,4972
3,35,4972
3,35,4972
3,35,4972
3,35,4972
3,35,4972
3,35,4972
3,35,4972
3,35,4972
3,35,4972
3,35,4972
3,35,4972
3,34,4973
3,34,4973
3,34,4973
3,34,4973
3,34,4973
3,34,4973
3,34,4973
3,34,4973
3,34,4973
3,34,4973
3,34,4973
3,34,4973
3,34,4973
3,34,4973
3,34,4973
3,34,4973
3,34,4973
3,34,4973
3,34,4973
3,34,4973
3,34,4973
3,34,4973
3,34,4973
3,34,4973
3,34,4973
3,33,4974
3,33,4974
3,33,4974
3,33,4974
3,33,4974
3,33,4974
3,33,4974
3,33,4974
3,32,4975
3,32,4975
3,32,4975
3,32,4975
3,32,4975
3,32,4975
3,32,4975
3,32,4975
3,32,4975
3,32,4975
3,32,4975
3,32,4975
3,32,4975
3,32,4975
3,32,4975
3,32,4975
3,32,4975
3,32,4975
3,32,4975
3,32,4975
3,32,4975
3,32,4975
3,32,4975
3,32,4975
3,32,4975
3,32,4975
3,32,4975
3,32,4975
3,32,4975
3,32,4975
3,32,4975
3,32,4975
3,32,4975
3,32,4975
3,32,4975
3,32,4975
3,32,4975
3,32,4975
3,32,4975
3,32,4975
3,32,4975
3,32,4975
3,32,4975
3,32,4975
3,32,4975
3,32,4975
3,32,4975
3,32,4975
3,32,4975
3,32,4975
3,32,4975
3,32,4975
3,32,4975
3,32,4975
3,32,4975
3,32,4975
3,32,4975
3,32,4975
3,32,4975
3,32,4975
3,32,4975
3,32,4975
3,32,4975
3,32,4975
3,32,4975
3,32,4975
3,32,4975
3,32,4975
3,31,4976
3,31,4976
3,31,4976
3,31,4976
3,31,4976
3,31,4976
3,30,4977
3,30,4977
3,30,4977
3,30,4977
3,29,4978
3,29,4978
3,29,4978
3,29,4978
3,29,4978
3,29,4978
3,29,4978
3,29,4978
3,29,4978
3,29,4978
3,29,4978
3,29,4978
3,29,4978
3,29,4978
3,29,4978
3,29,4978
3,29,4978
3,29,4978
3,29,4978
3,29,4978
3,28,4979
3,28,4979
3,28,4979
3,28,4979
3,28,4979
3,27,4980
3,27,4980
3,27,4980
3,27,4980
3,27,4980
3,27,4980
3,27,4980
3,27,4980
3,27,4980
3,27,4980
3,27,4980
3,27,4980
3,27,4980
3,27,4980
3,27,4980
3,27,4980
3,27,4980
3,27,4980
3,26,4981
3,26,4981
3,26,4981
3,25,4982
3,25,4982
3,25,4982
3,24,4983
3,24,4983
3,24,4983
3,24,4983
3,24,4983
3,23,4984
3,23,4984
3,23,4984
3,23,4984
3,23,4984
3,23,4984
3,23,4984
3,23,4984
3,23,4984
3,23,4984
3,23,4984
3,23,4984
3,23,4984
3,22,4985
3,22,4985
3,22,4985
3,22,4985
3,22,4985
3,22,4985
3,22,4985
3,22,4985
3,22,4985
3,22,4985
3,22,4985
3,22,4985
3,22,4985
3,22,4985
3,22,4985
3,22,4985
3,22,4985
3,22,4985
3,22,4985
3,22,4985
3,21,4986
3,21,4986
3,21,4986
3,21,4986
3,20,4987
3,20,4987
3,20,4987
3,20,4987
3,20,4987
3,20,4987
3,20,4987
3,20,4987
3,20,4987
3,20,4987
3,20,4987
3,19,4988
3,19,4988
3,19,4988
3,19,4988
3,19,4988
3,19,4988
3,19,4988
3,19,4988
3,19,4988
3,19,4988
3,19,4988
3,19,4988
3,19,4988
3,19,4988
3,19,4988
3,19,4988
3,19,4988
3,19,4988
3,19,4988
3,19,4988
3,19,4988
3,19,4988
3,19,4988
3,19,4988
3,19,4988
3,19,4988
3,19,4988
3,19,4988
3,19,4988
3,19,4988
3,19,4988
3,19,4988
3,19,4988
3,19,4988
3,19,4988
3,19,4988
3,19,4988
3,19,4988
3,19,4988
3,18,4989
3,18,4989
3,18,4989
3,18,4989
3,18,4989
3,18,4989
3,18,4989
3,18,4989
3,18,4989
3,18,4989
3,18,4989
3,18,4989
3,18,4989
3,18,4989
3,18,4989
3,18,4989
3,18,4989
3,18,4989
3,18,4989
3,18,4989
3,18,4989
3,18,4989
3,18,4989
3,18,4989
3,18,4989
3,18,4989
3,18,4989
3,18,4989
3,18,4989
3,18,4989
3,18,4989
3,18,4989
3,18,4989
3,18,4989
3,18,4989
3,18,4989
3,18,4989
3,18,4989
3,18,4989
3,18,4989
3,18,4989
3,18,4989
3,18,4989
3,18,4989
3,18,4989
3,18,4989
3,18,4989
3,18,4989
3,18,4989
3,18,4989
3,18,4989
3,18,4989
3,18,4989
3,18,4989
3,18,4989
3,18,4989
3,18,4989
3,18,4989
3,18,4989
3,18,4989
3,18,4989
3,18,4989
3,18,4989
3,18,4989
3,18,4989
3,18,4989
3,18,4989
3,18,4989
3,18,4989
3,18,4989
3,18,4989
3,18,4989
3,18,4989
3,18,4989
3,18,4989
3,18,4989
3,18,4989
3,18,4989
3,18,4989
3,18,4989
3,18,4989
3,18,4989
3,18,4989
3,18,4989
3,18,4989
3,18,4989
3,18,4989
3,18,4989
3,18,4989
3,18,4989
3,18,4989
3,18,4989
3,18,4989
3,18,4989
3,17,4990
3,17,4990
3,17,4990
3,17,4990
3,17,4990
3,17,4990
3,17,4990
3,17,4990
3,17,4990
3,17,4990
3,17,4990
3,17,4990
3,17,4990
3,17,4990
3,17,4990
3,16,4991
3,16,4991
3,16,4991
3,16,4991
3,16,4991
3,16,4991
3,16,4991
3,16,4991
3,16,4991
3,16,4991
3,16,4991
3,16,4991
3,16,4991
3,16,4991
3,16,4991
3,16,4991
3,15,4992
3,15,4992
3,15,4992
3,15,4992
3,15,4992
3,15,4992
3,15,4992
3,15,4992
3,15,4992
3,15,4992
3,15,4992
3,15,4992
3,15,4992
3,15,4992
3,15,4992
3,15,4992
3,15,4992
3,15,4992
3,15,4992
3,15,4992
3,15,4992
3,15,4992
3,15,4992
3,15,4992
3,15,4992
3,15,4992
3,15,4992
3,15,4992
3,15,4992
3,15,4992
3,15,4992
3,15,4992
3,15,4992
3,15,4992
3,15,4992
3,15,4992
3,14,4993
3,14,4993
3,14,4993
3,14,4993
3,13,4994
3,13,4994
3,13,4994
3,13,4994
3,13,4994
3,13,4994
3,13,4994
3,13,4994
3,13,4994
3,13,4994
3,12,4995
3,12,4995
3,12,4995
3,12,4995
3,12,4995
3,12,4995
3,12,4995
3,12,4995
3,12,4995
3,12,4995
3,12,4995
3,12,4995
3,12,4995
3,12,4995
3,12,4995
3,12,4995
3,12,4995
3,12,4995
3,12,4995
3,12,4995
3,12,4995
3,12,4995
3,12,4995
3,12,4995
3,12,4995
3,12,4995
3,12,4995
3,12,4995
3,12,4995
3,12,4995
3,12,4995
3,12,4995
3,12,4995
3,12,4995
3,12,4995
3,12,4995
3,12,4995
3,11,4996
3,11,4996
3,11,4996
3,11,4996
3,11,4996
3,11,4996
3,11,4996
3,11,4996
3,11,4996
3,11,4996
3,10,4997
3,10,4997
3,10,4997
3,10,4997
3,10,4997
3,10,4997
3,10,4997
3,10,4997
3,10,4997
3,10,4997
3,10,4997
3,10,4997
3,10,4997
3,10,4997
3,10,4997
3,10,4997
3,10,4997
3,9,4998
3,9,4998
3,9,4998
3,9,4998
3,9,4998
3,9,4998
3,8,4999
3,8,4999
3,8,4999
3,8,4999
3,8,4999
3,8,4999
3,8,4999
3,8,4999
3,8,4999
3,8,4999
3,8,4999
3,8,4999
3,8,4999
3,8,4999
3,8,4999
3,8,4999
3,8,4999
3,8,4999
3,8,4999
3,8,4999
3,8,4999
3,8,4999
3,8,4999
3,8,4999
3,8,4999
3,8,4999
3,8,4999
3,8,4999
3,8,4999
3,8,4999
3,8,4999
3,8,4999
3,8,4999
3,8,4999
3,8,4999
3,8,4999
3,8,4999
3,8,4999
3,8,4999
3,8,4999
3,8,4999
3,8,4999
3,8,4999
3,8,4999
3,8,4999
3,8,4999
3,8,4999
3,8,4999
3,8,4999
3,8,4999
3,8,4999
3,8,4999
3,8,4999
3,8,4999
3,8,4999
3,8,4999
3,8,4999
3,8,4999
3,8,4999
3,8,4999
3,8,4999
3,8,4999
3,8,4999
3,8,4999
3,8,4999
3,8,4999
3,8,4999
3,8,4999
3,8,4999
3,8,4999
3,8,4999
3,8,4999
3,8,4999
3,8,4999
3,8,4999
3,8,4999
3,8,4999
3,8,4999
3,8,4999
3,8,4999
3,8,4999
3,8,4999
3,8,4999
3,8,4999
3,8,4999
3,8,4999
3,8,4999
3,8,4999
3,8,4999
3,8,4999
3,8,4999
3,8,4999
3,8,4999
3,8,4999
3,8,4999
3,8,4999
3,8,4999
3,8,4999
3,8,4999
3,8,4999
3,8,4999
3,8,4999
3,8,4999
3,8,4999
3,8,4999
3,8,4999
3,8,4999
3,8,4999
3,8,4999
3,8,4999
3,8,4999
3,8,4999
3,8,4999
3,8,4999
3,8,4999
3,8,4999
3,8,4999
3,8,4999
3,8,4999
3,8,4999
3,8,4999
3,8,4999
3,8,4999
3,8,4999
3,8,4999
3,8,4999
3,8,4999
3,8,4999
3,8,4999
3,8,4999
3,8,4999
3,8,4999
3,8,4999
3,8,4999
3,8,4999
3,8,4999
3,8,4999
3,8,4999
3,8,4999
3,8,4999
3,8,4999
3,8,4999
3,8,4999
3,8,4999
3,8,4999
3,8,4999
3,8,4999
3,8,4999
3,8,4999
3,8,4999
3,8,4999
3,8,4999
3,8,4999
3,8,4999
3,8,4999
3,8,4999
3,8,4999
3,8,4999
3,8,4999
3,8,4999
3,8,4999
3,8,4999
3,8,4999
3,8,4999
3,8,4999
3,8,4999
3,8,4999
3,8,4999
3,8,4999
3,8,4999
3,8,4999
3,8,4999
3,8,4999
3,8,4999
3,8,4999
3,8,4999
3,8,4999
3,8,4999
3,8,4999
3,8,4999
3,8,4999
3,8,4999
3,8,4999
3,8,4999
3,8,4999
3,8,4999
3,8,4999
3,8,4999
3,8,4999
3,8,4999
3,8,4999
3,8,4999
3,8,4999
3,8,4999
3,8,4999
3,8,4999
3,8,4999
3,8,4999
3,8,4999
3,8,4999
3,8,4999
3,8,4999
3,8,4999
3,8,4999
3,8,4999
3,8,4999
3,8,4999
3,8,4999
3,8,4999
3,8,4999
3,8,4999
3,8,4999
3,8,4999
3,8,4999
3,8,4999
3,8,4999
3,8,4999
3,8,4999
3,8,4999
3,8,4999
3,8,4999
3,8,4999
3,8,4999
3,8,4999
3,8,4999
3,8,4999
3,7,5000
3,7,5000
3,7,5000
3,7,5000
3,7,5000
3,7,5000
3,7,5000
3,7,5000
3,7,5000
3,7,5000
3,7,5000
3,7,5000
3,7,5000
3,7,5000
3,7,5000
3,7,5000
3,7,5000
3,7,5000
3,7,5000
3,7,5000
3,7,5000
3,7,5000
3,7,5000
3,7,5000
3,7,5000
3,7,5000
3,7,5000
3,7,5000
3,7,5000
3,7,5000
3,7,5000
3,7,5000
3,7,5000
3,7,5000
3,7,5000
3,7,5000
3,7,5000
3,7,5000
3,7,5000
3,7,5000
3,7,5000
3,7,5000
3,7,5000
3,7,5000
3,7,5000
3,7,5000
3,7,5000
3,7,5000
3,7,5000
3,7,5000
3,7,5000
3,7,5000
3,7,5000
3,7,5000
3,7,5000
3,7,5000
3,7,5000
3,7,5000
3,7,5000
3,7,5000
3,7,5000
3,7,5000
3,7,5000
3,7,5000
3,7,5000
3,6,5001
3,6,5001
3,6,5001
3,6,5001
3,6,5001
3,6,5001
3,6,5001
3,6,5001
3,6,5001
3,6,5001
3,6,5001
3,6,5001
3,6,5001
3,6,5001
3,6,5001
3,6,5001
3,6,5001
3,6,5001
3,6,5001
3,6,5001
3,6,5001
3,6,5001
3,6,5001
3,6,5001
3,5,5002
3,5,5002
3,5,5002
3,5,5002
3,5,5002
3,5,5002
3,5,5002
3,5,5002
3,5,5002
3,5,5002
3,5,5002
3,5,5002
3,5,5002
3,5,5002
3,5,5002
3,5,5002
3,5,5002
3,5,5002
3,5,5002
3,5,5002
3,5,5002
3,5,5002
3,5,5002
3,5,5002
3,5,5002
3,5,5002
3,5,5002
3,5,5002
3,5,5002
3,5,5002
3,5,5002
3,5,5002
3,5,5002
3,5,5002
3,5,5002
3,5,5002
3,5,5002
3,5,5002
3,5,5002
3,5,5002
3,5,5002
3,5,5002
3,5,5002
3,5,5002
3,5,5002
3,5,5002
3,5,5002
3,5,5002
3,5,5002
3,5,5002
3,5,5002
3,5,5002
3,5,5002
3,5,5002
3,5,5002
3,5,5002
3,5,5002
3,5,5002
3,5,5002
3,5,5002
3,5,5002
3,5,5002
3,5,5002
3,5,5002
3,5,5002
3,5,5002
3,5,5002
3,5,5002
3,5,5002
3,5,5002
3,5,5002
3,5,5002
3,5,5002
3,5,5002
3,5,5002
3,5,5002
3,5,5002
3,5,5002
3,5,5002
3,5,5002
3,5,5002
3,5,5002
3,5,5002
3,5,5002
3,5,5002
3,5,5002
3,5,5002
3,5,5002
3,5,5002
3,5,5002
3,4,5003
3,4,5003
3,4,5003
3,4,5003
3,4,5003
3,4,5003
3,4,5003
3,4,5003
3,4,5003
3,4,5003
3,4,5003
3,4,5003
3,4,5003
3,4,5003
3,4,5003
3,4,5003
3,4,5003
3,4,5003
3,4,5003
3,4,5003
3,4,5003
3,4,5003
3,4,5003
3,4,5003
3,4,5003
3,4,5003
3,4,5003
3,4,5003
3,4,5003
3,4,5003
3,4,5003
3,4,5003
3,4,5003
3,4,5003
3,4,5003
3,4,5003
3,4,5003
3,4,5003
3,4,5003
3,4,5003
3,4,5003
3,4,5003
3,4,5003
3,4,5003
3,4,5003
3,4,5003
3,4,5003
3,4,5003
3,4,5003
3,4,5003
3,4,5003
3,4,5003
3,4,5003
3,4,5003
3,4,5003
3,4,5003
3,4,5003
3,4,5003
3,4,5003
3,4,5003
3,4,5003
3,4,5003
3,4,5003
3,4,5003
3,4,5003
3,4,5003
3,4,5003
3,4,5003
3,4,5003
3,4,5003
3,4,5003
3,4,5003
3,4,5003
3,4,5003
3,4,5003
3,4,5003
3,4,5003
3,4,5003
3,4,5003
3,4,5003
3,4,5003
3,4,5003
3,4,5003
3,4,5003
3,4,5003
3,4,5003
3,4,5003
3,4,5003
3,4,5003
3,4,5003
3,4,5003
3,4,5003
3,4,5003
3,4,5003
3,4,5003
3,4,5003
3,4,5003
3,4,5003
3,4,5003
3,4,5003
3,4,5003
3,4,5003
3,4,5003
3,4,5003
3,4,5003
3,4,5003
3,4,5003
3,4,5003
3,4,5003
3,4,5003
3,4,5003
3,4,5003
3,4,5003
3,4,5003
3,4,5003
3,4,5003
3,4,5003
3,4,5003
3,4,5003
3,4,5003
3,4,5003
3,4,5003
3,4,5003
3,4,5003
3,4,5003
3,4,5003
3,4,5003
3,4,5003
3,4,5003
3,4,5003
3,4,5003
3,4,5003
3,4,5003
3,4,5003
3,4,5003
3,4,5003
3,4,5003
3,4,5003
3,4,5003
3,4,5003
3,4,5003
3,4,5003
3,4,5003
3,4,5003
3,4,5003
3,4,5003
3,4,5003
3,4,5003
3,4,5003
3,4,5003
3,4,5003
3,4,5003
3,4,5003
3,4,5003
3,4,5003
3,4,5003
3,4,5003
3,4,5003
3,4,5003
3,4,5003
3,4,5003
3,4,5003
3,4,5003
3,4,5003
3,4,5003
3,4,5003
3,4,5003
3,4,5003
3,4,5003
3,4,5003
3,4,5003
3,4,5003
3,4,5003
3,4,5003
3,4,5003
3,4,5003
3,4,5003
3,4,5003
3,4,5003
3,4,5003
3,4,5003
3,4,5003
3,4,5003
3,4,5003
3,4,5003
3,4,5003
3,4,5003
3,3,5004
3,3,5004
3,3,5004
3,3,5004
3,3,5004
3,3,5004
3,3,5004
3,3,5004
3,3,5004
3,3,5004
3,3,5004
3,3,5004
3,3,5004
3,3,5004
3,3,5004
3,3,5004
3,3,5004
3,3,5004
3,3,5004
3,3,5004
3,3,5004
3,3,5004
3,3,5004
3,3,5004
3,3,5004
3,3,5004
3,3,5004
3,3,5004
3,3,5004
3,3,5004
3,3,5004
3,3,5004
3,3,5004
3,3,5004
3,3,5004
3,3,5004
3,3,5004
3,3,5004
3,3,5004
3,3,5004
3,3,5004
3,3,5004
3,3,5004
3,3,5004
3,3,5004
3,3,5004
3,3,5004
3,3,5004
3,3,5004
3,3,5004
3,3,5004
3,3,5004
3,3,5004
3,3,5004
3,3,5004
3,3,5004
3,3,5004
3,3,5004
3,3,5004
3,3,5004
3,3,5004
3,3,5004
3,3,5004
3,3,5004
3,3,5004
3,3,5004
3,3,5004
3,3,5004
3,3,5004
3,3,5004
3,3,5004
3,3,5004
3,3,5004
3,3,5004
3,3,5004
3,3,5004
3,3,5004
3,3,5004
3,3,5004
3,3,5004
3,3,5004
3,3,5004
3,3,5004
3,3,5004
3,3,5004
3,3,5004
3,3,5004
3,3,5004
3,3,5004
3,3,5004
3,3,5004
3,3,5004
3,3,5004
3,3,5004
3,3,5004
3,3,5004
3,3,5004
3,3,5004
3,3,5004
3,3,5004
3,3,5004
3,3,5004
3,3,5004
3,3,5004
3,3,5004
3,3,5004
3,3,5004
3,3,5004
3,3,5004
3,3,5004
3,3,5004
3,3,5004
3,3,5004
3,3,5004
3,3,5004
3,3,5004
3,3,5004
3,3,5004
3,3,5004
3,3,5004
3,3,5004
3,3,5004
3,3,5004
3,3,5004
3,3,5004
3,3,5004
3,2,5005
3,2,5005
3,2,5005
3,2,5005
3,2,5005
3,2,5005
3,2,5005
3,2,5005
3,2,5005
3,2,5005
3,2,5005
3,2,5005
3,2,5005
3,2,5005
3,2,5005
3,2,5005
3,2,5005
3,2,5005
3,2,5005
3,2,5005
3,2,5005
3,2,5005
3,2,5005
3,2,5005
3,2,5005
3,2,5005
3,2,5005
3,2,5005
3,2,5005
3,2,5005
3,2,5005
3,2,5005
3,2,5005
3,2,5005
3,2,5005
3,2,5005
3,2,5005
3,2,5005
3,2,5005
3,2,5005
3,2,5005
3,2,5005
3,2,5005
3,2,5005
3,2,5005
3,2,5005
3,2,5005
3,2,5005
3,2,5005
3,2,5005
3,2,5005
3,2,5005
3,2,5005
3,2,5005
3,2,5005
3,2,5005
3,2,5005
3,2,5005
3,2,5005
3,2,5005
3,2,5005
3,2,5005
3,2,5005
3,2,5005
3,2,5005
3,2,5005
3,2,5005
3,2,5005
3,2,5005
3,2,5005
3,2,5005
3,2,5005
3,2,5005
3,2,5005
3,2,5005
3,2,5005
3,2,5005
3,2,5005
3,2,5005
3,2,5005
3,2,5005
3,2,5005
3,2,5005
3,2,5005
3,2,5005
3,2,5005
3,2,5005
3,2,5005
3,2,5005
3,2,5005
3,2,5005
3,2,5005
3,2,5005
3,2,5005
3,2,5005
3,2,5005
3,2,5005
3,2,5005
3,2,5005
3,2,5005
3,2,5005
3,2,5005
3,2,5005
3,2,5005
3,2,5005
3,2,5005
3,2,5005
3,2,5005
3,2,5005
3,2,5005
3,2,5005
3,2,5005
3,2,5005
3,2,5005
3,2,5005
3,2,5005
3,1,5006
3,1,5006
3,1,5006
3,1,5006
3,1,5006
3,1,5006
3,1,5006
3,1,5006
3,1,5006
3,1,5006
3,1,5006
3,1,5006
3,1,5006
3,1,5006
3,1,5006
3,1,5006
3,1,5006
3,1,5006
3,1,5006
3,1,5006
3,1,5006
3,1,5006
3,1,5006
3,1,5006
3,1,5006
3,1,5006
3,1,5006
3,1,5006
3,1,5006
3,1,5006
3,1,5006
3,1,5006
3,1,5006
3,1,5006
3,1,5006
3,1,5006
3,1,5006
3,1,5006
3,1,5006
3,1,5006
3,1,5006
3,1,5006
3,1,5006
3,1,5006
3,1,5006
3,1,5006
3,1,5006
3,1,5006
3,1,5006
3,1,5006
3,1,5006
3,1,5006
3,1,5006
3,1,5006
3,1,5006
3,1,5006
3,1,5006
3,1,5006
3,1,5006
3,1,5006
3,1,5006
3,1,5006
3,1,5006
3,1,5006
3,1,5006
3,1,5006
3,1,5006
3,1,5006
3,1,5006
3,1,5006
3,1,5006
3,1,5006
3,1,5006
3,1,5006
3,1,5006
3,1,5006
3,1,5006
3,1,5006
3,1,5006
3,1,5006
3,1,5006
3,1,5006
3,1,5006
3,1,5006
3,1,5006
3,1,5006
3,1,5006
3,1,5006
3,1,5006
3,1,5006
3,1,5006
3,1,5006
3,1,5006
3,1,5006







































































































































































































































































































































































































































































































































































































































































































































































































































































































































































































































































































































































































































































































































































































































































































































































































































































































































































































































































































































































































































































































































































































































